GEOID,NAME,HSECOMP_18,MINLANG_18,HSETRANS_18,SOCIOECON_18,OVERALL_18
72107,Orocovis,0.987,0.8571,0.6103,0.974,1
72019,Barranquitas,0.948,1,0.948,0.481,0.987
72001,Adjuntas,0.5584,0.909,0.6363,1,0.974
72087,Loíza,0.5714,0.987,0.8701,0.61,0.961
72033,Cataño,0.8831,0.3896,0.8831,0.857,0.948
72073,Jayuya,0.8571,0.7792,0.7532,0.481,0.935
72097,Mayagüez,0.6753,0.2987,0.8961,0.948,0.922
72149,Villalba,0.8961,0.922,0.4025,0.597,0.909
72055,Guánica,0.909,0.5194,0.3246,0.961,0.8961
72045,Comerío,0.8701,0.7272,0.1948,0.883,0.8831
72053,Fajardo,1,0.1428,0.922,0.584,0.8701
72015,Arroyo,0.974,0.8961,0.6493,0.104,0.8571
72081,Lares,0.1168,0.948,0.5454,0.987,0.8441
72047,Corozal,0.3896,0.4805,0.7662,0.896,0.8311
72005,Aguadilla,0.8051,0.0649,0.8181,0.831,0.8181
72067,Hormigueros,0.6233,0.6493,0.7012,0.532,0.8051
72123,Salinas,0.961,0.8051,0.5064,0.221,0.7922
72099,Moca,0.4415,0.6103,0.4935,0.935,0.7792
72143,Vega Alta,0.4545,0.2077,1,0.779,0.7662
72059,Guayanilla,0.8311,0.7142,0.2467,0.623,0.7532
72113,Ponce,0.6493,0.3116,0.974,0.455,0.7402
72039,Ciales,0.922,0.5194,0.1038,0.818,0.7272
72057,Guayama,0.7922,0.6233,0.7922,0.13,0.7142
72079,Lajas,0.2337,0.6623,0.5714,0.87,0.6883
72091,Manatí,0.5974,0.2337,0.961,0.545,0.6883
72007,Aguas Buenas,0.6493,0.4025,0.4805,0.805,0.6623
72105,Naranjito,0.5064,0.922,0.2727,0.636,0.6623
72131,San Sebastián,0.4935,0.3636,0.5324,0.922,0.6493
72093,Maricao,0.0259,0.961,0.5584,0.714,0.6363
72101,Morovis,0.7272,0.6883,0.1818,0.649,0.6233
72035,Cayey,0.8441,0.5844,0.6103,0.208,0.6103
72151,Yabucoa,0.3246,0.974,0.0909,0.844,0.5974
72023,Cabo Rojo,0.1688,0.5454,0.8571,0.649,0.5714
72119,Río Grande,0.5324,0.4545,0.935,0.299,0.5714
72111,Peñuelas,0.4805,0.8051,0.1298,0.792,0.5584
72077,Juncos,0.7792,0.3246,0.3636,0.688,0.5454
72075,Juana Díaz,0.6363,0.8441,0.2337,0.442,0.5324
72121,Sabana Grande,0.7402,0.4415,0.5844,0.377,0.5194
72089,Luquillo,0.7142,0.2337,0.5974,0.558,0.5064
72109,Patillas,0.0129,0.8701,0.4675,0.727,0.4935
72095,Maunabo,0.0389,0.5974,0.4415,0.909,0.4805
72009,Aibonito,0.7402,0.8701,0.3376,0.0129,0.4675
72017,Barceloneta,0.8051,0.6363,0.0389,0.403,0.4545
72145,Vega Baja,0.3506,0.1168,0.7272,0.675,0.4415
72029,Canóvanas,0.3766,0.4935,0.2467,0.701,0.4285
72071,Isabela,0.4025,0.2857,0.3766,0.74,0.4155
72125,San Germán,0.0649,0.3766,0.8441,0.519,0.4025
72103,Naguabo,0.3246,0.7402,0.4025,0.325,0.3896
72037,Ceiba,0.4285,0.1688,0.8051,0.377,0.3766
72153,Yauco,0.4155,0.7662,0.2207,0.338,0.3636
72021,Bayamón,0.6883,0.1818,0.7792,0.0779,0.3506
72141,Utuado,0.2727,0.5714,0.1168,0.766,0.3376
72083,Las Marías,0.1168,0.7532,0.3896,0.468,0.3246
72041,Cidra,0.5454,0.6623,0.2987,0.195,0.3116
72013,Arecibo,0.2987,0.3376,0.6883,0.364,0.2987
72133,Santa Isabel,0.935,0.5454,0.1428,0.0519,0.2857
72025,Caguas,0.7012,0.1948,0.6753,0.0909,0.2727
72069,Humacao,0.2077,0.4155,0.7402,0.26,0.2597
72129,San Lorenzo,0.0519,0.7922,0.4545,0.286,0.2467
72115,Quebradillas,0.5064,0.4935,0.1558,0.416,0.2337
72043,Coamo,0.7662,0.4675,0.2077,0.117,0.2207
72031,Carolina,0.6103,0.1298,0.7142,0.0649,0.2077
72127,San Juan,0.3116,0.0259,0.909,0.234,0.1948
72049,Culebra,0.0909,0.0129,0.987,0.273,0.1818
72085,Las Piedras,0.1818,0.8311,0.0259,0.247,0.1688
72117,Rincón,0.4675,0,0.3116,0.481,0.1558
72139,Trujillo Alto,0.1948,0.2207,0.8311,0,0.1428
72027,Camuy,0.0909,0.4285,0.0649,0.571,0.1168
72051,Dorado,0.3636,0.0909,0.2857,0.416,0.1168
72054,Florida,0.5844,0.3506,0.0129,0.143,0.1038
72003,Aguada,0.1428,0.1038,0.0779,0.74,0.0909
72065,Hatillo,0,0.6883,0,0.312,0.0649
72147,Vieques,0.0779,0.0779,0.6623,0.182,0.0649
72137,Toa Baja,0.2597,0.1558,0.4285,0.156,0.0519
72135,Toa Alta,0.1558,0.2727,0.5194,0.0389,0.0389
72011,Añasco,0.2467,0.2597,0.0519,0.338,0.0259
72063,Gurabo,0.2857,0.0519,0.1688,0.169,0.0129
72061,Guaynabo,0.2207,0.0389,0.3506,0.0259,0
